{
  "properties": {
    "WorldPivotData": {
      "OptionalCFrame": {
        "position": [
          105.58826,
          0.5033097,
          -11.950039
        ],
        "orientation": [
          [
            0.0,
            0.0,
            0.99999994
          ],
          [
            0.99999994,
            0.0,
            0.0
          ],
          [
            0.0,
            1.0,
            0.0
          ]
        ]
      }
    },
    "ModelMeshCFrame": [
      10.885952949523926,
      -3.6188111305236816,
      -21.908843994140625,
      0.9999876022338867,
      4.67921923430481e-10,
      -2.9801153544894987e-8,
      -3.867005034408066e-6,
      0.9999660849571228,
      -7.454441508514265e-9,
      -0.00001811998117773328,
      7.214507604658138e-6,
      1.0000282526016235
    ]
  },
  "className": "Tool"
}