{
  "properties": {
    "ModelMeshCFrame": [
      12.281253814697266,
      -3.3229498863220215,
      0.891545832157135,
      1.0018752813339233,
      2.9833782377863827e-7,
      0.0,
      -1.0429830581415445e-6,
      0.9997945427894592,
      0.0,
      0.0,
      0.0,
      1.0021358728408813
    ],
    "WorldPivotData": {
      "OptionalCFrame": {
        "position": [
          112.575,
          0.50299996,
          -11.556221
        ],
        "orientation": [
          [
            0.0,
            0.0,
            1.0
          ],
          [
            1.0,
            0.0,
            0.0
          ],
          [
            0.0,
            1.0,
            0.0
          ]
        ]
      }
    }
  },
  "className": "Tool"
}